{"cameraMode":{"drawMode":0,"name":"Shaded","section":"Shading Mode"},"sceneLighting":false,"audioPlay":false,"sceneViewState":{"showFog":false,"showMaterialUpdate":false,"showSkybox":false,"showFlares":false,"showImageEffects":false,"showParticleSystems":true},"in2DMode":false,"pivot":{"x":-0.28876304626464846,"y":0.6857865452766419,"z":-0.010407447814941407},"rotation":{"x":0.04590665176510811,"y":0.38663265109062197,"z":-0.01927565038204193,"w":0.9208964705467224},"size":3.157883644104004,"orthographic":false}