{"cameraMode":{"drawMode":0,"name":"Shaded","section":"Shading Mode"},"sceneLighting":false,"audioPlay":false,"sceneViewState":{"showFog":false,"showMaterialUpdate":false,"showSkybox":false,"showFlares":false,"showImageEffects":false,"showParticleSystems":true},"in2DMode":false,"pivot":{"x":0.550000011920929,"y":1.7999999523162842,"z":-7.450580596923828e-9},"rotation":{"x":-0.19829750061035157,"y":-0.16350877285003663,"z":0.03357035666704178,"w":-0.9658255577087402},"size":5.944581508636475,"orthographic":true}